{
  "Ansi 7 Color (Light)" : {
    "Red Component" : 0.66274509803921566,
    "Color Space" : "sRGB",
    "Blue Component" : 0.83921568627450982,
    "Alpha Component" : 1,
    "Green Component" : 0.69411764705882351
  },
  "Ansi 15 Color (Light)" : {
    "Red Component" : 0.75294117647058822,
    "Color Space" : "sRGB",
    "Blue Component" : 0.96078431372549022,
    "Alpha Component" : 1,
    "Green Component" : 0.792156862745098
  },
  "Ansi 2 Color (Light)" : {
    "Red Component" : 0.61960784313725492,
    "Color Space" : "sRGB",
    "Blue Component" : 0.41568627450980389,
    "Alpha Component" : 1,
    "Green Component" : 0.80784313725490198
  },
  "Bold Color" : {
    "Red Component" : 0.062745101749897003,
    "Color Space" : "sRGB",
    "Blue Component" : 0.062745101749897003,
    "Alpha Component" : 1,
    "Green Component" : 0.062745101749897003
  },
  "Ansi 1 Color (Dark)" : {
    "Red Component" : 0.96862745098039216,
    "Color Space" : "sRGB",
    "Blue Component" : 0.55686274509803924,
    "Alpha Component" : 1,
    "Green Component" : 0.46274509803921571
  },
  "Use Bright Bold" : true,
  "Ansi 9 Color (Light)" : {
    "Red Component" : 0.96862745098039216,
    "Color Space" : "sRGB",
    "Blue Component" : 0.55686274509803924,
    "Alpha Component" : 1,
    "Green Component" : 0.46274509803921571
  },
  "Ansi 8 Color (Dark)" : {
    "Red Component" : 0.25490196078431371,
    "Color Space" : "sRGB",
    "Blue Component" : 0.40784313725490201,
    "Alpha Component" : 1,
    "Green Component" : 0.28235294117647058
  },
  "Background Color" : {
    "Red Component" : 0.97999999999999998,
    "Color Space" : "sRGB",
    "Blue Component" : 0.97999999999999998,
    "Alpha Component" : 1,
    "Green Component" : 0.97999999999999998
  },
  "Columns" : 80,
  "Ansi 8 Color" : {
    "Red Component" : 0.40781760215759277,
    "Color Space" : "sRGB",
    "Blue Component" : 0.4078223705291748,
    "Alpha Component" : 1,
    "Green Component" : 0.40782788395881653
  },
  "Right Option Key Sends" : 0,
  "Ansi 4 Color (Light)" : {
    "Red Component" : 0.47843137254901957,
    "Color Space" : "sRGB",
    "Blue Component" : 0.96862745098039216,
    "Alpha Component" : 1,
    "Green Component" : 0.63529411764705879
  },
  "Blinking Cursor" : false,
  "Selected Text Color (Light)" : {
    "Red Component" : 0.75294117647058822,
    "Color Space" : "sRGB",
    "Blue Component" : 0.96078431372549022,
    "Alpha Component" : 1,
    "Green Component" : 0.792156862745098
  },
  "Selected Text Color (Dark)" : {
    "Red Component" : 0.75294117647058822,
    "Color Space" : "sRGB",
    "Blue Component" : 0.96078431372549022,
    "Alpha Component" : 1,
    "Green Component" : 0.792156862745098
  },
  "Ansi 3 Color (Dark)" : {
    "Red Component" : 0.8784313725490196,
    "Color Space" : "sRGB",
    "Blue Component" : 0.40784313725490201,
    "Alpha Component" : 1,
    "Green Component" : 0.68627450980392157
  },
  "Keyboard Map" : {

  },
  "Visual Bell" : true,
  "Only The Default BG Color Uses Transparency" : true,
  "Cursor Text Color" : {
    "Red Component" : 1,
    "Color Space" : "sRGB",
    "Blue Component" : 1,
    "Alpha Component" : 1,
    "Green Component" : 1
  },
  "Scrollback Lines" : 1000,
  "Selection Color (Light)" : {
    "Red Component" : 0.15686274509803921,
    "Color Space" : "sRGB",
    "Blue Component" : 0.3411764705882353,
    "Alpha Component" : 1,
    "Green Component" : 0.20392156862745101
  },
  "Ansi 0 Color" : {
    "Red Component" : 0.078431375324726105,
    "Color Space" : "sRGB",
    "Blue Component" : 0.11764705926179886,
    "Alpha Component" : 1,
    "Green Component" : 0.098039217293262482
  },
  "Match Background Color (Dark)" : {
    "Red Component" : 0.99697142839431763,
    "Color Space" : "P3",
    "Blue Component" : 0.32116127014160156,
    "Alpha Component" : 1,
    "Green Component" : 0.98600882291793823
  },
  "Ansi 11 Color (Light)" : {
    "Red Component" : 0.8784313725490196,
    "Color Space" : "sRGB",
    "Blue Component" : 0.40784313725490201,
    "Alpha Component" : 1,
    "Green Component" : 0.68627450980392157
  },
  "Ansi 5 Color (Dark)" : {
    "Red Component" : 0.73333333333333328,
    "Color Space" : "sRGB",
    "Blue Component" : 0.96862745098039216,
    "Alpha Component" : 1,
    "Green Component" : 0.60392156862745094
  },
  "Cursor Text Color (Light)" : {
    "Red Component" : 0.1019607843137255,
    "Color Space" : "sRGB",
    "Blue Component" : 0.14901960784313731,
    "Alpha Component" : 1,
    "Green Component" : 0.1058823529411765
  },
  "Silence Bell" : false,
  "Rows" : 25,
  "Draw Powerline Glyphs" : true,
  "Guid" : "9CA5EF11-4AAF-48BE-AAC7-B7B16066A8CE",
  "Ansi 14 Color (Dark)" : {
    "Red Component" : 0.49019607843137247,
    "Color Space" : "sRGB",
    "Blue Component" : 1,
    "Alpha Component" : 1,
    "Green Component" : 0.81176470588235294
  },
  "Use Cursor Guide (Dark)" : false,
  "Ansi 15 Color (Dark)" : {
    "Red Component" : 0.75294117647058822,
    "Color Space" : "sRGB",
    "Blue Component" : 0.96078431372549022,
    "Alpha Component" : 1,
    "Green Component" : 0.792156862745098
  },
  "Ansi 0 Color (Dark)" : {
    "Red Component" : 0.082352941176470601,
    "Color Space" : "sRGB",
    "Blue Component" : 0.1176470588235294,
    "Alpha Component" : 1,
    "Green Component" : 0.086274509803921595
  },
  "Ambiguous Double Width" : false,
  "Option Key Sends" : 0,
  "Ansi 3 Color" : {
    "Red Component" : 0.78058648109436035,
    "Color Space" : "sRGB",
    "Blue Component" : 0,
    "Alpha Component" : 1,
    "Green Component" : 0.76959484815597534
  },
  "Window Type" : 0,
  "BM Growl" : true,
  "Prompt Before Closing 2" : false,
  "Command" : "",
  "Selected Text Color" : {
    "Red Component" : 0,
    "Color Space" : "sRGB",
    "Blue Component" : 0,
    "Alpha Component" : 1,
    "Green Component" : 0
  },
  "Ansi 14 Color (Light)" : {
    "Red Component" : 0.49019607843137247,
    "Color Space" : "sRGB",
    "Blue Component" : 1,
    "Alpha Component" : 1,
    "Green Component" : 0.81176470588235294
  },
  "Cursor Guide Color (Dark)" : {
    "Red Component" : 0.75294117647058822,
    "Color Space" : "sRGB",
    "Blue Component" : 0.96078431372549022,
    "Alpha Component" : 0.25,
    "Green Component" : 0.792156862745098
  },
  "ASCII Ligatures" : false,
  "Send Code When Idle" : false,
  "Ansi 6 Color" : {
    "Red Component" : 0,
    "Color Space" : "sRGB",
    "Blue Component" : 0.78166204690933228,
    "Alpha Component" : 1,
    "Green Component" : 0.77425903081893921
  },
  "Jobs to Ignore" : [
    "rlogin",
    "ssh",
    "slogin",
    "telnet"
  ],
  "Badge Color (Dark)" : {
    "Red Component" : 1,
    "Color Space" : "sRGB",
    "Blue Component" : 0,
    "Alpha Component" : 0.5,
    "Green Component" : 0.1491314172744751
  },
  "Cursor Color" : {
    "Red Component" : 0,
    "Color Space" : "sRGB",
    "Blue Component" : 0,
    "Alpha Component" : 1,
    "Green Component" : 0
  },
  "Vertical Spacing" : 1.2,
  "Disable Window Resizing" : true,
  "Close Sessions On End" : true,
  "Selection Color (Dark)" : {
    "Red Component" : 0.15686274509803921,
    "Color Space" : "sRGB",
    "Blue Component" : 0.3411764705882353,
    "Alpha Component" : 1,
    "Green Component" : 0.20392156862745101
  },
  "Default Bookmark" : "No",
  "Foreground Color (Light)" : {
    "Red Component" : 0.75294117647058822,
    "Color Space" : "sRGB",
    "Blue Component" : 0.96078431372549022,
    "Alpha Component" : 1,
    "Green Component" : 0.792156862745098
  },
  "Custom Command" : "No",
  "Background Color (Dark)" : {
    "Red Component" : 0.1019607843137255,
    "Color Space" : "sRGB",
    "Blue Component" : 0.14901960784313731,
    "Alpha Component" : 1,
    "Green Component" : 0.1058823529411765
  },
  "Ansi 9 Color" : {
    "Red Component" : 0.8659515380859375,
    "Color Space" : "sRGB",
    "Blue Component" : 0.45833224058151245,
    "Alpha Component" : 1,